timestamp,value
2000-01-01 00:00:00,0.24835707650561634
2000-01-01 00:01:00,0.24018391080327658
2000-01-01 00:02:00,0.9121382342511514
2000-01-01 00:03:00,1.5710860915447566
2000-01-01 00:04:00,0.8343677873215087
2000-01-01 00:05:00,0.8829302853540072
2000-01-01 00:06:00,1.740078165053807
2000-01-01 00:07:00,1.191438498650261
2000-01-01 00:08:00,0.35101088457436325
2000-01-01 00:09:00,0.5776040413997656
2000-01-01 00:10:00,-0.23485357861396758
2000-01-01 00:11:00,-0.545169921016618
2000-01-01 00:12:00,-0.46985289922294105
2000-01-01 00:13:00,-1.7680533087917647
2000-01-01 00:14:00,-1.8148666991409679
2000-01-01 00:15:00,-1.2811326390962003
2000-01-01 00:16:00,-1.4559052005220252
2000-01-01 00:17:00,-0.648739450660032
2000-01-01 00:18:00,-1.0372084349668786
2000-01-01 00:19:00,-1.0094807991422723
2000-01-01 00:20:00,0.7391138177768449
2000-01-01 00:21:00,0.2024027883322348
2000-01-01 00:22:00,0.6271323641815824
2000-01-01 00:23:00,0.10087309211700468
2000-01-01 00:24:00,0.6811703101148381
2000-01-01 00:25:00,1.0554303907226799
2000-01-01 00:26:00,0.3730013448486438
2000-01-01 00:27:00,0.9918461395397759
2000-01-01 00:28:00,0.2803196044692029
2000-01-01 00:29:00,0.1544840027151127
2000-01-01 00:30:00,-0.31028737834059544
2000-01-01 00:31:00,0.6078653773621592
2000-01-01 00:32:00,-0.6026452330028649
2000-01-01 00:33:00,-1.3439286059642122
2000-01-01 00:34:00,-0.5430336776771545
2000-01-01 00:35:00,-1.610361253185805
2000-01-01 00:36:00,-0.8430654492180519
2000-01-01 00:37:00,-1.781958254694932
2000-01-01 00:38:00,-1.2421687839495856
2000-01-01 00:39:00,-0.1988992187326094
2000-01-01 00:40:00,0.3818119078364466
2000-01-01 00:41:00,0.40693748427912846
2000-01-01 00:42:00,0.5405949451968068
2000-01-01 00:43:00,0.6663391893982618
2000-01-01 00:44:00,0.2159801624145733
2000-01-01 00:45:00,0.6399777675693945
2000-01-01 00:46:00,0.7161676042549586
2000-01-01 00:47:00,1.328802435763489
2000-01-01 00:48:00,0.7473159975541204
2000-01-01 00:49:00,-0.5871942223620847
2000-01-01 00:50:00,0.14631894564035608
2000-01-01 00:51:00,-0.5167709356925305
2000-01-01 00:52:00,-0.9393966343161027
2000-01-01 00:53:00,-0.512862709945394
2000-01-01 00:54:00,-0.44066697349127615
2000-01-01 00:55:00,-0.5342103674002011
2000-01-01 00:56:00,-1.3650761342051825
2000-01-01 00:57:00,-0.9529577266000134
2000-01-01 00:58:00,-0.40730053894023904
2000-01-01 00:59:00,0.1964536002856337
2000-01-01 01:00:00,-0.2207198141381774
2000-01-01 01:01:00,0.23437355252586273
2000-01-01 01:02:00,0.05027875206041388
2000-01-01 01:03:00,0.22239926306675284
2000-01-01 01:04:00,1.36334576719537
2000-01-01 01:05:00,1.6779111085493377
2000-01-01 01:06:00,0.9084333445906623
2000-01-01 01:07:00,1.2982203084509403
2000-01-01 01:08:00,0.7511700031017181
2000-01-01 01:09:00,-0.03425068703034001
2000-01-01 01:10:00,0.15868641882797704
2000-01-01 01:11:00,0.43884523283214644
2000-01-01 01:12:00,-0.6238638958185244
2000-01-01 01:13:00,-0.03997435369180613
2000-01-01 01:14:00,-2.2678620643603606
2000-01-01 01:15:00,-0.5887706220827769
2000-01-01 01:16:00,-0.8998765641524954
2000-01-01 01:17:00,-0.9440519791453775
2000-01-01 01:18:00,-0.5218856978269546
2000-01-01 01:19:00,-1.2790810233744947
2000-01-01 01:20:00,-0.08468069852937946
2000-01-01 01:21:00,0.5116960804979306
2000-01-01 01:22:00,1.3473965433649742
2000-01-01 01:23:00,0.5649465469665416
2000-01-01 01:24:00,0.5546398932780561
2000-01-01 01:25:00,0.7487642458699617
2000-01-01 01:26:00,1.400053520385355
2000-01-01 01:27:00,0.957010445571526
2000-01-01 01:28:00,0.30029446488187284
2000-01-01 01:29:00,0.5389148370306499
2000-01-01 01:30:00,0.02023991659090314
2000-01-01 01:31:00,0.14821925072422698
2000-01-01 01:32:00,-0.9619686954840997
2000-01-01 01:33:00,-0.9896900542624272
2000-01-01 01:34:00,-1.1558284709192685
2000-01-01 01:35:00,-1.731311249287823
2000-01-01 01:36:00,-0.793235366997215
2000-01-01 01:37:00,-0.6601860028251492
2000-01-01 01:38:00,-0.5600207298972074
2000-01-01 01:39:00,-0.3965564499804019
2000-01-01 01:40:00,-0.6762431801060858
2000-01-01 01:41:00,0.12874070911199564
2000-01-01 01:42:00,0.4420714760032791
2000-01-01 01:43:00,0.42648950399192276
2000-01-01 01:44:00,0.8800097465893167
2000-01-01 01:45:00,1.2014803262363385
2000-01-01 01:46:00,1.8833221913150244
2000-01-01 01:47:00,0.876073473848552
2000-01-01 01:48:00,0.6887499814989738
2000-01-01 01:49:00,0.23901892649598738
2000-01-01 01:50:00,-0.9939708204613408
2000-01-01 01:51:00,-0.3552770810502789
2000-01-01 01:52:00,-0.5857941485966672
2000-01-01 01:53:00,0.4022319447175603
2000-01-01 01:54:00,-1.0577017926376866
2000-01-01 01:55:00,-0.8485724652951747
2000-01-01 01:56:00,-0.9565095624723903
2000-01-01 01:57:00,-1.3711867141813538
2000-01-01 01:58:00,0.014044830995870394
2000-01-01 01:59:00,0.102748362734923
2000-01-01 02:00:00,0.43324386620024163
2000-01-01 02:01:00,-0.10972019360277885
2000-01-01 02:02:00,1.3197808373842643
2000-01-01 02:03:00,0.1302163509195522
2000-01-01 02:04:00,1.2558090561367699
2000-01-01 02:05:00,2.094455305101069
2000-01-01 02:06:00,0.4428006643308207
2000-01-01 02:07:00,0.5017541770850173
2000-01-01 02:08:00,0.6045785369279368
2000-01-01 02:09:00,0.018453893825682355
2000-01-01 02:10:00,-0.8162019149737773
2000-01-01 02:11:00,-0.3136420252912687
2000-01-01 02:12:00,-1.152003851706294
2000-01-01 02:13:00,-0.5960902183231848
2000-01-01 02:14:00,-1.422942308010815
2000-01-01 02:15:00,-0.2241317636959117
2000-01-01 02:16:00,-1.3286013454355563
2000-01-01 02:17:00,-0.9439813843113007
2000-01-01 02:18:00,-0.14537503766823595
2000-01-01 02:19:00,-0.8825947743515004
2000-01-01 02:20:00,0.15774206932445106
2000-01-01 02:21:00,1.0044414279925482
2000-01-01 02:22:00,-0.18042744934239474
2000-01-01 02:23:00,0.9269396775139706
2000-01-01 02:24:00,1.0940117439403627
2000-01-01 02:25:00,1.3898719956474825
2000-01-01 02:26:00,0.3173959501147713
2000-01-01 02:27:00,0.12076216110378024
2000-01-01 02:28:00,0.8104797608792569
2000-01-01 02:29:00,0.41262320593319557
2000-01-01 02:30:00,0.07809285582062961
2000-01-01 02:31:00,-0.18058901437785282
2000-01-01 02:32:00,-0.9657825376410523
2000-01-01 02:33:00,-0.7202239603852745
2000-01-01 02:34:00,-0.8183647320453982
2000-01-01 02:35:00,-1.355987983240453
2000-01-01 02:36:00,-0.0018714010947710191
2000-01-01 02:37:00,-0.5421061251275949
2000-01-01 02:38:00,-1.142530624094949
2000-01-01 02:39:00,0.06718029390482871
2000-01-01 02:40:00,-0.43704626475029323
2000-01-01 02:41:00,0.7502949902854581
2000-01-01 02:42:00,1.207517786799344
2000-01-01 02:43:00,0.4277294395293705
2000-01-01 02:44:00,1.447410112937515
2000-01-01 02:45:00,1.2050445745447054
2000-01-01 02:46:00,1.34466684360809
2000-01-01 02:47:00,1.7254434908092606
2000-01-01 02:48:00,0.4215493066301426
2000-01-01 02:49:00,-0.11880851274989507
2000-01-01 02:50:00,-0.4981922888058187
2000-01-01 02:51:00,-0.7675938721272537
2000-01-01 02:52:00,-0.6692144597496131
2000-01-01 02:53:00,-0.66920611305022
2000-01-01 02:54:00,-0.8281881778930327
2000-01-01 02:55:00,-0.5848944473525104
2000-01-01 02:56:00,-0.9260046915407534
2000-01-01 02:57:00,-0.04829669030094286
2000-01-01 02:58:00,-0.6739308881671684
2000-01-01 02:59:00,1.1050645068944978
2000-01-01 03:00:00,0.36940872306629335
2000-01-01 03:01:00,-0.0659575644264705
2000-01-01 03:02:00,0.09765472689626764
2000-01-01 03:03:00,1.082721504921644
2000-01-01 03:04:00,0.8556041557343652
2000-01-01 03:05:00,1.3553084053173141
2000-01-01 03:06:00,1.1679841017466268
2000-01-01 03:07:00,0.7366583370602819
2000-01-01 03:08:00,0.11555936332600963
2000-01-01 03:09:00,-0.5054455509578112
2000-01-01 03:10:00,-0.28297194091672373
2000-01-01 03:11:00,0.06264928533651487
2000-01-01 03:12:00,-0.5284852137792833
2000-01-01 03:13:00,-1.4660495617422167
2000-01-01 03:14:00,-0.8815374899765277
2000-01-01 03:15:00,-0.8054616821737279
2000-01-01 03:16:00,-1.3721444489291714
2000-01-01 03:17:00,-0.694211659725958
2000-01-01 03:18:00,-0.5072002840143797
2000-01-01 03:19:00,-0.8204187033822008
2000-01-01 03:20:00,0.24174697021862523
2000-01-01 03:21:00,0.6488676579943677
2000-01-01 03:22:00,1.1794825323407503
2000-01-01 03:23:00,1.3717677349732686
2000-01-01 03:24:00,0.28007609925760535
2000-01-01 03:25:00,0.5290101950706816
2000-01-01 03:26:00,1.1865746065586915
2000-01-01 03:27:00,1.0259609820304196
2000-01-01 03:28:00,0.7911716035551448
2000-01-01 03:29:00,2.17225233108121
2000-01-01 03:30:00,0.21945376171996306
2000-01-01 03:31:00,0.19638578628273218
2000-01-01 03:32:00,-0.16337454492642345
2000-01-01 03:33:00,-0.5208492646771601
2000-01-01 03:34:00,-1.1273186539778597
2000-01-01 03:35:00,-0.6182305789496281
2000-01-01 03:36:00,-1.3143016345652918
2000-01-01 03:37:00,-0.885463498225598
2000-01-01 03:38:00,-0.773667374043866
2000-01-01 03:39:00,-0.20190011568541985
2000-01-01 03:40:00,1.2264583279315442
2000-01-01 03:41:00,-0.559317596371851
2000-01-01 03:42:00,0.9859177048737988
2000-01-01 03:43:00,0.04185676431797791
2000-01-01 03:44:00,0.7344817576250806
2000-01-01 03:45:00,1.5419730950781827
2000-01-01 03:46:00,0.9588519149530164
2000-01-01 03:47:00,0.22616040849323737
2000-01-01 03:48:00,0.17066633411606874
2000-01-01 03:49:00,0.5795842579650764
2000-01-01 03:50:00,-0.4374492277791519
2000-01-01 03:51:00,-0.26899996951177846
2000-01-01 03:52:00,-0.6224075159867826
2000-01-01 03:53:00,-1.1756762949935993
2000-01-01 03:54:00,0.10077029239228485
2000-01-01 03:55:00,-0.6803110282138267
2000-01-01 03:56:00,-1.9380969122504794
2000-01-01 03:57:00,-0.6697766769868105
2000-01-01 03:58:00,-0.8565387850155115
2000-01-01 03:59:00,0.189485457106435
2000-01-01 04:00:00,-0.32085830463394677
2000-01-01 04:01:00,0.3227715773901482
2000-01-01 04:02:00,0.9000865211276228
2000-01-01 04:03:00,1.2844067348183716
2000-01-01 04:04:00,0.3717980059243451
2000-01-01 04:05:00,0.8297828018582161
2000-01-01 04:06:00,0.6868575239968315
2000-01-01 04:07:00,0.4343027093748143
2000-01-01 04:08:00,1.405694838356343
2000-01-01 04:09:00,0.4361655514447222
2000-01-01 04:10:00,-0.7089794487331995
2000-01-01 04:11:00,0.07588440092421433
2000-01-01 04:12:00,0.41109217545266574
2000-01-01 04:13:00,-0.33694110291782187
2000-01-01 04:14:00,-1.7323660376801677
2000-01-01 04:15:00,-1.2389034765901596
2000-01-01 04:16:00,-0.2896700246010002
2000-01-01 04:17:00,-1.1127580242774786
2000-01-01 04:18:00,-0.29837499790846445
2000-01-01 04:19:00,0.15670115597222767
2000-01-01 04:20:00,-0.38179313392583625
2000-01-01 04:21:00,0.3561868809644266
2000-01-01 04:22:00,-0.9682611335127478
2000-01-01 04:23:00,0.34261607063977895
2000-01-01 04:24:00,0.8471222050594214
2000-01-01 04:25:00,0.37263801196791124
2000-01-01 04:26:00,1.73811754165104
2000-01-01 04:27:00,0.041801063024671015
2000-01-01 04:28:00,0.29757431711338167
2000-01-01 04:29:00,0.29292505351912335
2000-01-01 04:30:00,0.6358307200575446
2000-01-01 04:31:00,-1.10677980418111
2000-01-01 04:32:00,-0.07317082236225692
2000-01-01 04:33:00,-0.851321065383553
2000-01-01 04:34:00,-1.4648762059627118
2000-01-01 04:35:00,-0.765211173566919
2000-01-01 04:36:00,-0.8211592152661286
2000-01-01 04:37:00,-1.0549211661401976
2000-01-01 04:38:00,-0.4800022477458058
2000-01-01 04:39:00,-0.41714820706845657
2000-01-01 04:40:00,0.14469758103669464
2000-01-01 04:41:00,0.7228093899809285
2000-01-01 04:42:00,1.4501347933418702
2000-01-01 04:43:00,0.23914908144226654
2000-01-01 04:44:00,2.041344534002669
2000-01-01 04:45:00,0.01994246627785301
2000-01-01 04:46:00,0.8435645838724122
2000-01-01 04:47:00,1.046904841740241
2000-01-01 04:48:00,0.6527008618206286
2000-01-01 04:49:00,-0.08992392758873921
2000-01-01 04:50:00,-0.19513214786527902
2000-01-01 04:51:00,-0.641135970078857
2000-01-01 04:52:00,-0.9541759520080008
2000-01-01 04:53:00,-0.43486653167023187
2000-01-01 04:54:00,-0.7970164294993144
2000-01-01 04:55:00,-1.3421547693371652
2000-01-01 04:56:00,-0.46841616916365053
2000-01-01 04:57:00,-0.597022544814414
2000-01-01 04:58:00,-0.10307044086438649
2000-01-01 04:59:00,0.0964563547171674
2000-01-01 05:00:00,-0.3202952691334039
2000-01-01 05:01:00,0.11743252998543291
2000-01-01 05:02:00,1.035501042391502
2000-01-01 05:03:00,1.1664549606559649
2000-01-01 05:04:00,0.9657600539923561
2000-01-01 05:05:00,1.0540674221884034
2000-01-01 05:06:00,1.5557984496902255
2000-01-01 05:07:00,0.45280525391707577
2000-01-01 05:08:00,0.7803417245532923
2000-01-01 05:09:00,0.11419181452814517
2000-01-01 05:10:00,-0.20617311998191
2000-01-01 05:11:00,0.14898175982579454
2000-01-01 05:12:00,-0.25150018631160626
2000-01-01 05:13:00,-0.45610874028561627
2000-01-01 05:14:00,-0.3241484717843297
2000-01-01 05:15:00,-0.9845957246338858
2000-01-01 05:16:00,-0.5747303428526848
2000-01-01 05:17:00,-0.9016355666247765
2000-01-01 05:18:00,-0.3419963795470997
2000-01-01 05:19:00,-0.2772876133663468
2000-01-01 05:20:00,0.14895982034852964
2000-01-01 05:21:00,0.7008648352024396
2000-01-01 05:22:00,0.25744557156563636
2000-01-01 05:23:00,1.910642393302595
2000-01-01 05:24:00,0.47454654819783504
2000-01-01 05:25:00,0.38768741308871935
2000-01-01 05:26:00,1.4934940361952007
2000-01-01 05:27:00,1.1402373928698892
2000-01-01 05:28:00,0.8134210011136873
2000-01-01 05:29:00,0.5233146875696986
2000-01-01 05:30:00,-0.1097135502557046
2000-01-01 05:31:00,-0.8547891762973947
2000-01-01 05:32:00,-0.630994594647481
2000-01-01 05:33:00,-1.2046062595404972
2000-01-01 05:34:00,-0.4906530684243338
2000-01-01 05:35:00,-1.0679846465063465
2000-01-01 05:36:00,-1.325909925569238
2000-01-01 05:37:00,-0.9029954625721048
2000-01-01 05:38:00,-0.2921719441031785
2000-01-01 05:39:00,-0.48792798781367985
2000-01-01 05:40:00,-0.3043927324118576
2000-01-01 05:41:00,0.5308772476867005
2000-01-01 05:42:00,0.7937145048952623
2000-01-01 05:43:00,0.6141218999820347
2000-01-01 05:44:00,0.7433418046047021
2000-01-01 05:45:00,1.1101453261687564
2000-01-01 05:46:00,0.18783285356636836
2000-01-01 05:47:00,0.03645980951366101
2000-01-01 05:48:00,0.13668720805816592
2000-01-01 05:49:00,0.09626387617083229
2000-01-01 05:50:00,0.04561007125649766
2000-01-01 05:51:00,0.3257768602307799
2000-01-01 05:52:00,-0.24472911528585833
2000-01-01 05:53:00,-0.9491222565837134
2000-01-01 05:54:00,-0.9890074033324611
2000-01-01 05:55:00,-1.4950396103243286
2000-01-01 05:56:00,-0.9198362715882309
2000-01-01 05:57:00,-0.8824028510924091
2000-01-01 05:58:00,-0.3318167817304317
2000-01-01 05:59:00,-0.6135226570009693
2000-01-01 06:00:00,0.37264212854965484
2000-01-01 06:01:00,1.1811342376067042
2000-01-01 06:02:00,0.6214998991342564
2000-01-01 06:03:00,1.071559761214602
2000-01-01 06:04:00,1.325199950577734
2000-01-01 06:05:00,0.7928094347748919
2000-01-01 06:06:00,1.0213216187190948
2000-01-01 06:07:00,0.7422442678749982
2000-01-01 06:08:00,0.5392759771908338
2000-01-01 06:09:00,-0.18967995046002992
2000-01-01 06:10:00,-0.10383782699576011
2000-01-01 06:11:00,-0.1686250665837424
2000-01-01 06:12:00,0.04737746808285481
2000-01-01 06:13:00,-0.39261078497688223
2000-01-01 06:14:00,0.09584431153573902
2000-01-01 06:15:00,-1.376728370584393
2000-01-01 06:16:00,-0.47180174151920284
2000-01-01 06:17:00,-0.6421443224075455
2000-01-01 06:18:00,0.6072065227952089
2000-01-01 06:19:00,-0.597889893914466
2000-01-01 06:20:00,-0.30064511235420804
2000-01-01 06:21:00,0.12078319054720849
2000-01-01 06:22:00,-0.3814458707996474
2000-01-01 06:23:00,0.6109023590723499
2000-01-01 06:24:00,0.6017898499767111
2000-01-01 06:25:00,1.067876580121624
2000-01-01 06:26:00,1.0775177506654685
2000-01-01 06:27:00,1.669760745709621
2000-01-01 06:28:00,0.9601590558105132
2000-01-01 06:29:00,-0.09779718279813576
2000-01-01 06:30:00,-0.571544860052634
2000-01-01 06:31:00,-0.17737107030327884
2000-01-01 06:32:00,-1.3429195206735072
2000-01-01 06:33:00,0.04042448224935935
2000-01-01 06:34:00,-0.39223567893686473
2000-01-01 06:35:00,-1.2268827937071651
2000-01-01 06:36:00,-1.7618757641280327
2000-01-01 06:37:00,-0.052591904039478
2000-01-01 06:38:00,-0.5394644564283523
2000-01-01 06:39:00,0.4313415026108978
2000-01-01 06:40:00,-0.6717557992168842
2000-01-01 06:41:00,0.12649010089555102
2000-01-01 06:42:00,0.6877189403428735
2000-01-01 06:43:00,0.9003115721155249
2000-01-01 06:44:00,0.7575128511830059
2000-01-01 06:45:00,1.3033254014326263
2000-01-01 06:46:00,0.3701580687707198
2000-01-01 06:47:00,0.656183899062404
2000-01-01 06:48:00,0.53958497814475
2000-01-01 06:49:00,0.44169622383285745
2000-01-01 06:50:00,0.22723014376256762
2000-01-01 06:51:00,-0.9913413999812681
2000-01-01 06:52:00,-1.4544415739969265
2000-01-01 06:53:00,-0.23949056763351706
2000-01-01 06:54:00,-0.8169687118059092
2000-01-01 06:55:00,-1.365739361875661
2000-01-01 06:56:00,-0.12704313990777105
2000-01-01 06:57:00,-0.6673746816139662
2000-01-01 06:58:00,0.1129735425854872
2000-01-01 06:59:00,-0.14762589516759583
2000-01-01 07:00:00,1.162069251276617
2000-01-01 07:01:00,1.3095292742348987
2000-01-01 07:02:00,0.5651830147387238
2000-01-01 07:03:00,1.3656134712936059
2000-01-01 07:04:00,1.3063841009721833
2000-01-01 07:05:00,1.6753977254351946
2000-01-01 07:06:00,0.41879931525589487
2000-01-01 07:07:00,1.0660689140607333
2000-01-01 07:08:00,1.0031204660152433
2000-01-01 07:09:00,-0.7010780720535733
2000-01-01 07:10:00,-0.726441236339463
2000-01-01 07:11:00,-1.454309170034437
2000-01-01 07:12:00,-0.8266422861998378
2000-01-01 07:13:00,-0.5225471842118339
2000-01-01 07:14:00,-0.23307828038535738
2000-01-01 07:15:00,-0.9536106083595421
2000-01-01 07:16:00,-0.08558627773766603
2000-01-01 07:17:00,-1.4109179480320215
2000-01-01 07:18:00,-1.3228279287605842
2000-01-01 07:19:00,-0.20297029270016695
2000-01-01 07:20:00,0.3299600624423178
2000-01-01 07:21:00,0.4211756364098666
2000-01-01 07:22:00,-0.3395152438792093
2000-01-01 07:23:00,0.8382398929682292
2000-01-01 07:24:00,0.33257300275978274
2000-01-01 07:25:00,1.3250605279062169
2000-01-01 07:26:00,1.081817279168289
2000-01-01 07:27:00,0.24874423170485754
2000-01-01 07:28:00,0.21142707766431051
2000-01-01 07:29:00,-0.3575072781803095
2000-01-01 07:30:00,-0.17238088056150716
2000-01-01 07:31:00,0.03722254731599889
2000-01-01 07:32:00,-1.1893289012169936
2000-01-01 07:33:00,-0.6322495252498552
2000-01-01 07:34:00,-1.2504777696538367
2000-01-01 07:35:00,-1.3862171318549559
2000-01-01 07:36:00,-0.9506485559195945
2000-01-01 07:37:00,-1.234115084692473
2000-01-01 07:38:00,-0.7424043844675527
2000-01-01 07:39:00,-0.7679397666162793
2000-01-01 07:40:00,1.1265164975261461
2000-01-01 07:41:00,0.4608016366299834
2000-01-01 07:42:00,0.34885630835606846
2000-01-01 07:43:00,0.992726863763636
2000-01-01 07:44:00,0.9297163986019791
2000-01-01 07:45:00,0.8788425898868796
2000-01-01 07:46:00,1.202823073706961
2000-01-01 07:47:00,1.0930504914506627
2000-01-01 07:48:00,0.1975437491620224
2000-01-01 07:49:00,-0.12200863375364007
2000-01-01 07:50:00,-0.28479095319597575
2000-01-01 07:51:00,-1.596947308052879
2000-01-01 07:52:00,-1.4585608678668813
2000-01-01 07:53:00,-0.20375514068634637
2000-01-01 07:54:00,-0.16391827994507424
2000-01-01 07:55:00,-1.1133822995416236
2000-01-01 07:56:00,-0.6060587316031407
2000-01-01 07:57:00,-0.5564672081592528
2000-01-01 07:58:00,1.0794360668290128
2000-01-01 07:59:00,0.3969889435521988
2000-01-01 08:00:00,0.08641602607355733
2000-01-01 08:01:00,-0.02897104009974799
2000-01-01 08:02:00,-0.10001848104810085
2000-01-01 08:03:00,0.990370684585968
2000-01-01 08:04:00,0.6087387224110083
2000-01-01 08:05:00,0.27726453583463573
2000-01-01 08:06:00,0.5696394160283058
2000-01-01 08:07:00,0.1691068904872327
2000-01-01 08:08:00,1.3007806202153642
2000-01-01 08:09:00,0.6005148062622786
2000-01-01 08:10:00,-0.15746937255452012
2000-01-01 08:11:00,0.28836487306812303
2000-01-01 08:12:00,-0.6667529133221393
2000-01-01 08:13:00,-1.3207187714860344
2000-01-01 08:14:00,-0.22585425482195898
2000-01-01 08:15:00,-0.7184537050978501
2000-01-01 08:16:00,-1.4101287498615038
2000-01-01 08:17:00,-0.8028318179282963
2000-01-01 08:18:00,-0.8922198731372413
2000-01-01 08:19:00,-0.8479896296107103
2000-01-01 08:20:00,0.619678537894393
2000-01-01 08:21:00,1.409119066679955
2000-01-01 08:22:00,0.008378691976942965
2000-01-01 08:23:00,1.1729902910435748
2000-01-01 08:24:00,0.6625874423792663
2000-01-01 08:25:00,0.7438536015744392
2000-01-01 08:26:00,0.593879708702467
2000-01-01 08:27:00,0.273441682306039
2000-01-01 08:28:00,0.47586801034930165
2000-01-01 08:29:00,-0.2619920063093094
2000-01-01 08:30:00,-0.024466514897635905
2000-01-01 08:31:00,-0.4823288574036521
2000-01-01 08:32:00,-0.8293549157276364
2000-01-01 08:33:00,-1.3467076891703689
2000-01-01 08:34:00,-1.2767770559176395
2000-01-01 08:35:00,-0.6092184821402817
2000-01-01 08:36:00,-0.6381802728401651
2000-01-01 08:37:00,-1.1919823014799595
2000-01-01 08:38:00,-0.3991330274858502
2000-01-01 08:39:00,0.22531873987195586
2000-01-01 08:40:00,-0.6719041283955943
2000-01-01 08:41:00,0.7316844335885753
2000-01-01 08:42:00,0.38078040595809887
2000-01-01 08:43:00,1.1796365474276045
2000-01-01 08:44:00,0.6072347014921763
2000-01-01 08:45:00,0.08396108636345623
2000-01-01 08:46:00,0.07342105546702649
2000-01-01 08:47:00,0.7250078100982948
2000-01-01 08:48:00,0.5758479765458258
2000-01-01 08:49:00,-0.30489320793208063
2000-01-01 08:50:00,0.15339574281995705
2000-01-01 08:51:00,-1.293554354101793
2000-01-01 08:52:00,-0.7473365357506897
2000-01-01 08:53:00,-1.50124782356649
2000-01-01 08:54:00,-1.315245443554575
2000-01-01 08:55:00,-0.9621810877891868
2000-01-01 08:56:00,-1.3159435910385002
2000-01-01 08:57:00,-0.8909968344672725
2000-01-01 08:58:00,0.05997654396310287
2000-01-01 08:59:00,-0.4325998658295239
2000-01-01 09:00:00,0.5868468763544279
2000-01-01 09:01:00,-0.09927369553484566
2000-01-01 09:02:00,0.9813960124404291
2000-01-01 09:03:00,1.6179176862712668
2000-01-01 09:04:00,-0.24604153433986053
2000-01-01 09:05:00,0.5869013327323775
2000-01-01 09:06:00,1.1728088465990465
2000-01-01 09:07:00,0.5949431850277241
2000-01-01 09:08:00,0.6259215496202729
2000-01-01 09:09:00,-0.16095126143299102
2000-01-01 09:10:00,-0.12880458902771827
2000-01-01 09:11:00,-0.5461991540286988
2000-01-01 09:12:00,-0.13479309403863282
2000-01-01 09:13:00,-0.7713077344692592
2000-01-01 09:14:00,-0.8214229224535968
2000-01-01 09:15:00,-1.1907462360734427
2000-01-01 09:16:00,-1.1266030247608694
2000-01-01 09:17:00,-0.9104849000505381
2000-01-01 09:18:00,-0.24029693926776297
2000-01-01 09:19:00,-0.3484195783827937
2000-01-01 09:20:00,0.32008387170009395
2000-01-01 09:21:00,1.508837108405753
2000-01-01 09:22:00,1.156429570640443
2000-01-01 09:23:00,0.7368822844394047
2000-01-01 09:24:00,1.5912649596514061
2000-01-01 09:25:00,0.7802191199225904
2000-01-01 09:26:00,-0.13774395547912632
2000-01-01 09:27:00,0.18789571351883505
2000-01-01 09:28:00,-0.5007028793585429
2000-01-01 09:29:00,-0.0409447620140809
2000-01-01 09:30:00,-0.16908248156320993
2000-01-01 09:31:00,0.36431043354719017
2000-01-01 09:32:00,-0.5595794971794337
2000-01-01 09:33:00,-1.01081130995038
2000-01-01 09:34:00,-0.576379156077276
2000-01-01 09:35:00,-2.0892637806835515
2000-01-01 09:36:00,-0.7620207167621441
2000-01-01 09:37:00,-0.30423249203477576
2000-01-01 09:38:00,-1.1711519759032154
2000-01-01 09:39:00,0.440181732767843
2000-01-01 09:40:00,0.3506333396198593
2000-01-01 09:41:00,0.2690310924960271
2000-01-01 09:42:00,1.0416029318135394
2000-01-01 09:43:00,2.0379655565712316
2000-01-01 09:44:00,1.082429221126632
2000-01-01 09:45:00,1.1072360109458728
2000-01-01 09:46:00,0.6486485288126486
2000-01-01 09:47:00,0.26246230389671793
2000-01-01 09:48:00,0.8441882623344545
2000-01-01 09:49:00,-0.2994646176725583
2000-01-01 09:50:00,-0.14869368819378864
2000-01-01 09:51:00,-0.7182658856713606
2000-01-01 09:52:00,-0.48788372869984636
2000-01-01 09:53:00,-0.7371372308185498
2000-01-01 09:54:00,-0.47313046312992946
2000-01-01 09:55:00,-1.2375537863499981
2000-01-01 09:56:00,-1.0117587428798316
2000-01-01 09:57:00,-1.1744789483749238
2000-01-01 09:58:00,-0.6483242424104787
2000-01-01 09:59:00,0.06319221634214284
2000-01-01 10:00:00,0.5660609616985248
2000-01-01 10:01:00,0.0211118717132448
2000-01-01 10:02:00,1.1643310511750256
2000-01-01 10:03:00,1.583127428985076
2000-01-01 10:04:00,1.1990124192666651
2000-01-01 10:05:00,1.9203536455765382
2000-01-01 10:06:00,0.48841030112602324
2000-01-01 10:07:00,0.06047556550747624
2000-01-01 10:08:00,-0.4660294683956094
2000-01-01 10:09:00,0.8703596801230447
2000-01-01 10:10:00,0.13652818314396117
2000-01-01 10:11:00,-0.5127394721727173
2000-01-01 10:12:00,-0.5916910129417692
2000-01-01 10:13:00,-1.4693842864260778
2000-01-01 10:14:00,0.2301963029248929
2000-01-01 10:15:00,-0.9167455897659459
2000-01-01 10:16:00,-0.819082472610283
2000-01-01 10:17:00,-0.3176186794059086
2000-01-01 10:18:00,-0.17997489740086117
2000-01-01 10:19:00,-0.007273796596612342
2000-01-01 10:20:00,-0.2014964764857638
2000-01-01 10:21:00,0.7234291223816267
2000-01-01 10:22:00,1.6748275735142397
2000-01-01 10:23:00,1.5806720829570315
2000-01-01 10:24:00,1.7896479024600684
2000-01-01 10:25:00,0.7251390790044434
2000-01-01 10:26:00,0.37744378789018723
2000-01-01 10:27:00,0.61530087576483
2000-01-01 10:28:00,0.44548666835079986
2000-01-01 10:29:00,0.6631886733606897
2000-01-01 10:30:00,-1.0430572563251288
2000-01-01 10:31:00,0.27433723181387487
2000-01-01 10:32:00,-0.8149520167736064
2000-01-01 10:33:00,-1.1227159127876032
2000-01-01 10:34:00,-1.4994718583478956
2000-01-01 10:35:00,-1.8075562906550593
2000-01-01 10:36:00,-0.45911860818416594
2000-01-01 10:37:00,-0.6392209897684713
2000-01-01 10:38:00,-1.0597452309759277
2000-01-01 10:39:00,-0.7605082574608748
2000-01-01 10:40:00,0.03201483557974563
2000-01-01 10:41:00,1.3276868245441746
2000-01-01 10:42:00,0.608277855950539
2000-01-01 10:43:00,0.15900822703298356
2000-01-01 10:44:00,0.8709033959624523
2000-01-01 10:45:00,0.8431375145072811
2000-01-01 10:46:00,-0.47929032986878695
2000-01-01 10:47:00,0.6464114936279605
2000-01-01 10:48:00,0.29643398313965535
2000-01-01 10:49:00,0.45794689394921184
2000-01-01 10:50:00,0.7214905954459148
2000-01-01 10:51:00,0.0673731960894931
2000-01-01 10:52:00,-0.8746360419793553
2000-01-01 10:53:00,-1.4651379786858665
2000-01-01 10:54:00,0.29255954413499163
2000-01-01 10:55:00,-0.949251740406619
2000-01-01 10:56:00,-0.8606288417111326
2000-01-01 10:57:00,-0.6832937628958906
2000-01-01 10:58:00,-0.3099912615568022
2000-01-01 10:59:00,-0.1788976713333133
2000-01-01 11:00:00,-0.08076529202840985
2000-01-01 11:01:00,0.2252082006208086
2000-01-01 11:02:00,0.7259259066376198
2000-01-01 11:03:00,0.6414489416061063
2000-01-01 11:04:00,0.6380330644166967
2000-01-01 11:05:00,1.0314280489791543
2000-01-01 11:06:00,0.7385367950740056
2000-01-01 11:07:00,1.4208933680356766
2000-01-01 11:08:00,-0.9193229136420418
2000-01-01 11:09:00,0.6493435897934621
2000-01-01 11:10:00,0.4139006633112401
2000-01-01 11:11:00,-1.5380562087916863
2000-01-01 11:12:00,-0.9157498429285971
2000-01-01 11:13:00,-1.1001590324430632
2000-01-01 11:14:00,-1.6985375668414964
2000-01-01 11:15:00,-1.3664635827431233
2000-01-01 11:16:00,-1.4197366781927783
2000-01-01 11:17:00,0.20957930852944018
2000-01-01 11:18:00,0.06455287408974952
2000-01-01 11:19:00,0.5353157096449108
2000-01-01 11:20:00,0.5730521182041239
2000-01-01 11:21:00,-0.06044632981729203
2000-01-01 11:22:00,0.484242055188163
2000-01-01 11:23:00,1.1603941091141265
2000-01-01 11:24:00,0.3840337410042929
2000-01-01 11:25:00,1.3333870904476879
2000-01-01 11:26:00,0.742700859206867
2000-01-01 11:27:00,0.47679795703082095
2000-01-01 11:28:00,0.7558866502695314
2000-01-01 11:29:00,0.3194641741113036
2000-01-01 11:30:00,-0.39577122365464795
2000-01-01 11:31:00,0.07287186771383669
2000-01-01 11:32:00,-1.2891226121349502
2000-01-01 11:33:00,-0.6089981983238877
2000-01-01 11:34:00,-0.698853101549822
2000-01-01 11:35:00,-1.1309840706314218
2000-01-01 11:36:00,-0.6982033168181653
2000-01-01 11:37:00,-1.2874110280225106
2000-01-01 11:38:00,0.06449045951954768
2000-01-01 11:39:00,-0.18665330454911067
2000-01-01 11:40:00,-0.04300344401486525
2000-01-01 11:41:00,1.034006113202325
2000-01-01 11:42:00,0.3985004599813497
2000-01-01 11:43:00,0.21398545869849683
2000-01-01 11:44:00,0.21738538494488635
2000-01-01 11:45:00,1.2785291481546575
2000-01-01 11:46:00,0.21945290393260164
2000-01-01 11:47:00,1.5368906645280758
2000-01-01 11:48:00,-0.6463292011924222
2000-01-01 11:49:00,0.9392992068316586
2000-01-01 11:50:00,-0.1159170987202504
2000-01-01 11:51:00,-0.5605614838883102
2000-01-01 11:52:00,-1.0252057819024287
2000-01-01 11:53:00,-0.7198890742141691
2000-01-01 11:54:00,-1.0148037172515283
2000-01-01 11:55:00,-0.4231769056662743
2000-01-01 11:56:00,-0.8009430065246701
2000-01-01 11:57:00,-0.5819755045382541
2000-01-01 11:58:00,-0.5735501588273313
2000-01-01 11:59:00,-0.11641172027160239
2000-01-01 12:00:00,0.3783922930835941
2000-01-01 12:01:00,-0.34018090608748364
2000-01-01 12:02:00,0.08072001650795446
2000-01-01 12:03:00,1.2923211100642273
2000-01-01 12:04:00,1.0816956297625266
2000-01-01 12:05:00,0.8821302122623932
2000-01-01 12:06:00,0.8656545624260348
2000-01-01 12:07:00,0.82854355112056
2000-01-01 12:08:00,0.11896888843669473
2000-01-01 12:09:00,-0.30434643822565927
2000-01-01 12:10:00,-0.1296321373272526
2000-01-01 12:11:00,-1.0067829492694034
2000-01-01 12:12:00,-0.5527453741477621
2000-01-01 12:13:00,-1.7732036918041487
2000-01-01 12:14:00,-0.4819517842875155
2000-01-01 12:15:00,-0.7371075395494796
2000-01-01 12:16:00,-0.726795024149985
2000-01-01 12:17:00,-0.1610270445490301
2000-01-01 12:18:00,0.44678766323596353
2000-01-01 12:19:00,0.42551293064586193
2000-01-01 12:20:00,-0.68982124492338
2000-01-01 12:21:00,-0.11950377138627044
2000-01-01 12:22:00,0.44651400262024993
2000-01-01 12:23:00,0.9361711242997292
2000-01-01 12:24:00,1.2556159503915958
2000-01-01 12:25:00,0.6098091481264276
2000-01-01 12:26:00,0.9465571154319334
2000-01-01 12:27:00,0.27229445687698817
2000-01-01 12:28:00,0.07728767110719775
2000-01-01 12:29:00,-0.6247930768584361
2000-01-01 12:30:00,-0.6952913190196985
2000-01-01 12:31:00,-1.1988100210239632
2000-01-01 12:32:00,-1.248903952150347
2000-01-01 12:33:00,-0.397509281273396
2000-01-01 12:34:00,-1.4717328641946632
2000-01-01 12:35:00,0.34424482296646597
2000-01-01 12:36:00,-0.6048701872928578
2000-01-01 12:37:00,-0.555174819789945
2000-01-01 12:38:00,-0.8093186882141895
2000-01-01 12:39:00,0.2747528751221083
2000-01-01 12:40:00,-0.05108770282719427
2000-01-01 12:41:00,0.586650459954012
2000-01-01 12:42:00,2.043046103505932
2000-01-01 12:43:00,0.8774956690593572
2000-01-01 12:44:00,1.5719072025156713
2000-01-01 12:45:00,0.6196135397074305
2000-01-01 12:46:00,0.8323818759422014
2000-01-01 12:47:00,1.530593753756443
2000-01-01 12:48:00,0.0637457354088804
2000-01-01 12:49:00,0.978490190919046
2000-01-01 12:50:00,0.11409058422999735
2000-01-01 12:51:00,-0.8095515766931883
2000-01-01 12:52:00,-0.4488289279301313
2000-01-01 12:53:00,-0.44043468059192076
2000-01-01 12:54:00,-0.6865928154859016
2000-01-01 12:55:00,-1.755560050465025
2000-01-01 12:56:00,-1.211783287825237
2000-01-01 12:57:00,-0.7665469274622929
2000-01-01 12:58:00,-0.41153171447404435
2000-01-01 12:59:00,0.24120700418055108
2000-01-01 13:00:00,0.3316876858452099
2000-01-01 13:01:00,-0.13668657922573468
2000-01-01 13:02:00,0.9571531203585765
2000-01-01 13:03:00,1.2331818999384183
2000-01-01 13:04:00,1.277610413161781
2000-01-01 13:05:00,1.5100743944349937
2000-01-01 13:06:00,1.2635059676045026
2000-01-01 13:07:00,0.8699654662872305
2000-01-01 13:08:00,0.3363141780782287
2000-01-01 13:09:00,-0.7644889731313914
2000-01-01 13:10:00,-0.03107747618757223
2000-01-01 13:11:00,-0.429803916820579
2000-01-01 13:12:00,-0.6332785879766387
2000-01-01 13:13:00,-1.5674312608645222
2000-01-01 13:14:00,-1.5384509852323753
2000-01-01 13:15:00,-0.4423343565696951
2000-01-01 13:16:00,-0.8646442858841399
2000-01-01 13:17:00,-0.2972065620667926
2000-01-01 13:18:00,-0.3543162067450116
2000-01-01 13:19:00,-0.047975220296601936
2000-01-01 13:20:00,0.7180754574548969
2000-01-01 13:21:00,0.2782822791287003
2000-01-01 13:22:00,0.8191346011692194
2000-01-01 13:23:00,0.6990780864760845
2000-01-01 13:24:00,0.7808722583219886
2000-01-01 13:25:00,0.8135418911677986
2000-01-01 13:26:00,0.9542470582030781
2000-01-01 13:27:00,0.39615777501264515
2000-01-01 13:28:00,0.9934281746119799
2000-01-01 13:29:00,-0.3875891862265407
2000-01-01 13:30:00,-0.34541388346580254
2000-01-01 13:31:00,-0.7588217514973012
2000-01-01 13:32:00,-0.04958385121184872
2000-01-01 13:33:00,-0.8330879012040651
2000-01-01 13:34:00,-0.4823858885369504
2000-01-01 13:35:00,-1.7101157349157778
2000-01-01 13:36:00,-0.7079601643654094
2000-01-01 13:37:00,-0.18828557811510926
2000-01-01 13:38:00,-0.32147921914393696
2000-01-01 13:39:00,0.4761651383488731
2000-01-01 13:40:00,-0.003624148649858827
2000-01-01 13:41:00,1.24627619164097
2000-01-01 13:42:00,1.9245127906892368
2000-01-01 13:43:00,0.7510863572598729
2000-01-01 13:44:00,0.7757348111701373
2000-01-01 13:45:00,1.6932258161168958
2000-01-01 13:46:00,1.6295681733238894
2000-01-01 13:47:00,0.36923359146593643
2000-01-01 13:48:00,0.14959532109659746
2000-01-01 13:49:00,-0.08745723043717724
2000-01-01 13:50:00,-0.930284824945997
2000-01-01 13:51:00,-1.0035693378736608
2000-01-01 13:52:00,-1.2791173828583267
2000-01-01 13:53:00,-1.3175355461629228
2000-01-01 13:54:00,-1.0159965547698473
2000-01-01 13:55:00,-0.8486146820470858
2000-01-01 13:56:00,-0.06282035229818628
2000-01-01 13:57:00,-1.1273970176650137
2000-01-01 13:58:00,0.13540851082406158
2000-01-01 13:59:00,-0.15728899247609163
2000-01-01 14:00:00,0.23636465558587155
2000-01-01 14:01:00,0.8842886215769521
2000-01-01 14:02:00,0.2176615748023406
2000-01-01 14:03:00,1.1259635297591855
2000-01-01 14:04:00,1.082038378333797
2000-01-01 14:05:00,1.2111266006988073
2000-01-01 14:06:00,0.9809351309196882
2000-01-01 14:07:00,1.8534202468072358
2000-01-01 14:08:00,0.034943127000687524
2000-01-01 14:09:00,-0.2183449081486234
2000-01-01 14:10:00,-0.5757011325289798
2000-01-01 14:11:00,-0.8272475376509489
2000-01-01 14:12:00,-1.0996840312991696
2000-01-01 14:13:00,-0.34136304000004203
2000-01-01 14:14:00,-0.2887084357638994
2000-01-01 14:15:00,-1.249443493690885
2000-01-01 14:16:00,-1.2508005347999396
2000-01-01 14:17:00,-0.38760638974500433
2000-01-01 14:18:00,-0.6269815729918311
2000-01-01 14:19:00,0.27245380685538517
2000-01-01 14:20:00,0.368624126560154
2000-01-01 14:21:00,-0.2057384111455376
2000-01-01 14:22:00,1.5567032268734817
2000-01-01 14:23:00,1.8349135358152018
2000-01-01 14:24:00,0.6927046209624899
2000-01-01 14:25:00,0.7693794109259189
2000-01-01 14:26:00,0.9758191290032072
2000-01-01 14:27:00,0.7880803898367527
2000-01-01 14:28:00,0.6771956490306692
2000-01-01 14:29:00,1.0459724688238836
2000-01-01 14:30:00,-0.35866533463083594
2000-01-01 14:31:00,-0.9539014766533448
2000-01-01 14:32:00,-1.4745626558936857
2000-01-01 14:33:00,-1.3035338468671251
2000-01-01 14:34:00,-1.015790978632979
2000-01-01 14:35:00,-0.06510157747774037
2000-01-01 14:36:00,-1.0899475318337655
2000-01-01 14:37:00,-0.5064897060967696
2000-01-01 14:38:00,-0.35318498183094477
2000-01-01 14:39:00,0.5564687440453187
2000-01-01 14:40:00,1.5366843665452974
2000-01-01 14:41:00,0.29193218980147534
2000-01-01 14:42:00,0.5421279741124911
2000-01-01 14:43:00,1.4612341161543005
2000-01-01 14:44:00,1.3402918812751372
2000-01-01 14:45:00,1.8848749731151453
2000-01-01 14:46:00,1.1213532041880556
2000-01-01 14:47:00,0.43626320817366016
2000-01-01 14:48:00,0.6373475586718098
2000-01-01 14:49:00,0.5889370031032861
2000-01-01 14:50:00,0.1339992062195955
2000-01-01 14:51:00,-0.3063377705839327
2000-01-01 14:52:00,-0.2554472226380612
2000-01-01 14:53:00,-0.3555814454869163
2000-01-01 14:54:00,-0.308375402310306
2000-01-01 14:55:00,-0.6362976586275053
2000-01-01 14:56:00,-0.9111871787611543
2000-01-01 14:57:00,-0.5400718910499729
2000-01-01 14:58:00,0.2641911127595084
2000-01-01 14:59:00,-0.43991002641270555
2000-01-01 15:00:00,0.4635995377292843
2000-01-01 15:01:00,0.3659080520547827
2000-01-01 15:02:00,0.8050860503825038
2000-01-01 15:03:00,1.5805214368331626
2000-01-01 15:04:00,1.0951033092317155
2000-01-01 15:05:00,0.9829926684312557
2000-01-01 15:06:00,0.1459309104735843
2000-01-01 15:07:00,0.9840689315590126
2000-01-01 15:08:00,0.6588453351127568
2000-01-01 15:09:00,1.109926219735824
2000-01-01 15:10:00,-0.43617023795046733
2000-01-01 15:11:00,-0.455599402933442
2000-01-01 15:12:00,-0.6679430488863031
2000-01-01 15:13:00,-0.15362582165258842
2000-01-01 15:14:00,-1.0472905338557057
2000-01-01 15:15:00,-0.8193759318394748
2000-01-01 15:16:00,-0.5201334012451007
2000-01-01 15:17:00,-0.5151449594160243
2000-01-01 15:18:00,-0.5563566020173331
2000-01-01 15:19:00,0.07188975105979345
2000-01-01 15:20:00,0.8221124410039227
2000-01-01 15:21:00,0.05450843638918901
2000-01-01 15:22:00,0.8610331409858722
2000-01-01 15:23:00,0.5933396908019986
2000-01-01 15:24:00,1.5972451887328094
2000-01-01 15:25:00,0.19639605992359854
2000-01-01 15:26:00,0.542835257963026
2000-01-01 15:27:00,0.7945568137958018
2000-01-01 15:28:00,1.1129350650180267
2000-01-01 15:29:00,-0.010863746610273055
2000-01-01 15:30:00,-0.5659089536188538
2000-01-01 15:31:00,0.37022654414238954
2000-01-01 15:32:00,-1.5204608097130707
2000-01-01 15:33:00,-2.0438413836908707
2000-01-01 15:34:00,-0.7797838692372605
2000-01-01 15:35:00,-1.208109968174576
2000-01-01 15:36:00,-1.3311189836724275
2000-01-01 15:37:00,-0.24926801541374977
2000-01-01 15:38:00,-0.20530268397214652
2000-01-01 15:39:00,-0.30090662015283337
2000-01-01 15:40:00,-0.34883323605987565
2000-01-01 15:41:00,1.0091609187820891
2000-01-01 15:42:00,1.1234521276537506
2000-01-01 15:43:00,0.8958794407041701
2000-01-01 15:44:00,1.9231689249821338
2000-01-01 15:45:00,0.4211243515761768
2000-01-01 15:46:00,0.05593826890344711
2000-01-01 15:47:00,0.254981599222508
2000-01-01 15:48:00,0.3014367873066046
2000-01-01 15:49:00,0.1373927637183978
2000-01-01 15:50:00,-0.41494388424746265
2000-01-01 15:51:00,-0.3994791545127313
2000-01-01 15:52:00,-1.426011034749263
2000-01-01 15:53:00,-0.22460468769821806
2000-01-01 15:54:00,-1.0409754609630335
2000-01-01 15:55:00,-0.39659324180422784
2000-01-01 15:56:00,-0.6455283640040468
2000-01-01 15:57:00,-0.3700424768140492
2000-01-01 15:58:00,-0.03636970356803265
2000-01-01 15:59:00,0.21127566216989674
2000-01-01 16:00:00,0.6186912166009517
2000-01-01 16:01:00,1.2426520245666153
2000-01-01 16:02:00,0.9003837776057825
2000-01-01 16:03:00,1.3019991255146968
2000-01-01 16:04:00,0.9550715810566803
2000-01-01 16:05:00,1.6743647414534757
2000-01-01 16:06:00,0.4768769904566259
2000-01-01 16:07:00,1.4963668370892813
2000-01-01 16:08:00,0.2981947395701361
2000-01-01 16:09:00,-0.7059534788331557
2000-01-01 16:10:00,-0.23627867015635495
2000-01-01 16:11:00,-0.9211647781660676
2000-01-01 16:12:00,-0.38367535587257695
2000-01-01 16:13:00,-1.2748101232109985
2000-01-01 16:14:00,-1.2230608124751368
2000-01-01 16:15:00,-1.8981320378501878
2000-01-01 16:16:00,-1.039400344848275
2000-01-01 16:17:00,-1.8053079251520816
2000-01-01 16:18:00,-1.1072423503183717
2000-01-01 16:19:00,0.3739178947561005
2000-01-01 16:20:00,0.6962290278000335
2000-01-01 16:21:00,0.7959251780987702
2000-01-01 16:22:00,0.32237504539305584
2000-01-01 16:23:00,0.9256339622838285
2000-01-01 16:24:00,0.9981876049304298
2000-01-01 16:25:00,0.37322543828817567
2000-01-01 16:26:00,1.5631123373464497
2000-01-01 16:27:00,1.0295151802937836
2000-01-01 16:28:00,0.20182295731667343
2000-01-01 16:29:00,0.016587651704990984
2000-01-01 16:30:00,-0.20213261563298957
2000-01-01 16:31:00,-1.606615511753992
2000-01-01 16:32:00,-0.9313098253341269
2000-01-01 16:33:00,-1.2914638812990131
2000-01-01 16:34:00,-1.5008087687760552
2000-01-01 16:35:00,-1.0919946211261524
2000-01-01 16:36:00,0.08927210008403663
2000-01-01 16:37:00,-0.2678725345672972
2000-01-01 16:38:00,-0.5949055562802376
2000-01-01 16:39:00,0.28629139067808124
